Category,CNO,FFNO,FNO
Clean,0.029896888891234995,0.005839322481770068,0.007047274126671254
Noise,0.027171999514102936,0.006566997622139752,0.008020846410654484
PGD-Pure,32716107.365475066,0.04786885361652821,0.04945398376788944
PGD-Stealth,0.03990289098583162,0.039677413050085306,0.0433646907703951
Sequential,45764.92194234859,0.48140442276373496,0.50485556489788
