{
    "config": {
        "source_res": 64,
        "target_res": 64,
        "samples": 10
    },
    "ic_perturbation": {
        "abs_l2": 1.606965172290802,
        "rel_l2": 0.10000000074505806,
        "low_freq": 3.870279715556535e-06,
        "high_freq": 73.84994926452637
    },
    "global_metrics": {
        "clean_st_l2": 0.007214048039168119,
        "adv_st_l2": 0.008064360031858087,
        "clean_st_mse": 1.3717877027374926e-05,
        "adv_st_mse": 1.69468226886238e-05
    },
    "frequency_analysis": {
        "clean_low_freq": 10.654462385177613,
        "clean_high_freq": 0.9479721069335938,
        "adv_low_freq": 10.745384931564331,
        "adv_high_freq": 0.9488018095493317
    },
    "temporal_evolution": {
        "injection_l2": [
            1.606965172290802,
            0.0,
            0.0,
            0.0,
            0.0,
            0.0,
            0.0,
            0.0,
            0.0,
            0.0,
            0.0,
            0.0,
            0.0,
            0.0,
            0.0,
            0.0,
            0.0,
            0.0,
            0.0,
            0.0,
            0.0,
            0.0,
            0.0,
            0.0,
            0.0,
            0.0,
            0.0,
            0.0,
            0.0,
            0.0,
            0.0,
            0.0,
            0.0,
            0.0,
            0.0,
            0.0,
            0.0,
            0.0,
            0.0,
            0.0,
            0.0,
            0.0,
            0.0,
            0.0,
            0.0,
            0.0,
            0.0,
            0.0,
            0.0
        ],
        "drift_l2_rel": [
            0.040776856529624546,
            0.018014458652101203,
            0.011210009010577938,
            0.007567516374174636,
            0.005364894881885965,
            0.003988808047297886,
            0.0031104574553201085,
            0.0025362146609254226,
            0.002152405120953314,
            0.0018848681602480234,
            0.001686901029700122,
            0.001532771502422687,
            0.001410953322474319,
            0.0013095047970677208,
            0.0012197043396028728,
            0.0011430692874536317,
            0.00107532032457297,
            0.0010157214013432046,
            0.000960143926867678,
            0.0009146531991356688,
            0.0008709454266966298,
            0.0008298142101293693,
            0.0007932898657045734,
            0.0007602067743675719,
            0.0007329193304314945,
            0.0007053942400910281,
            0.0006808676755702359,
            0.0006595122924087376,
            0.000640423762520941,
            0.0006228477631821125,
            0.0006057895367475849,
            0.0005886439299174226,
            0.0005740755776640705,
            0.0005607953575663923,
            0.0005497438849042564,
            0.0005398472525472932,
            0.0005320257956742073,
            0.0005245330349851634,
            0.0005164913911436091,
            0.0005103061907730036,
            0.0005040243575370661,
            0.0004980227940795069,
            0.0004920629960487898,
            0.0004879252709874854,
            0.00048190574382213374,
            0.0004779775480782761,
            0.00047282035191958195,
            0.0004691516171225019,
            0.00046645011689745676
        ],
        "clean_physics": [
            0.010285735875368119,
            0.010179839748889207,
            0.010147790610790252,
            0.010123800579458475,
            0.01011225813999772,
            0.010106401331722737,
            0.010113249253481626,
            0.010121425054967404,
            0.010124140232801438,
            0.010118322540074587,
            0.010109001770615578,
            0.010101051907986403,
            0.010094424430280923,
            0.01009130235761404,
            0.01009025014936924,
            0.010087313875555993,
            0.010084322281181812,
            0.010091207083314657,
            0.010100866481661797,
            0.010105835646390915,
            0.010104191303253175,
            0.010100981313735246,
            0.010093820840120315,
            0.010086678154766559,
            0.01008164780214429,
            0.010074547491967678,
            0.010066498909145594,
            0.010063043609261513,
            0.010061240568757058,
            0.010061275959014893,
            0.010058571305125951,
            0.010053843632340432,
            0.010045048780739307,
            0.010042242426425218,
            0.010040343832224607,
            0.010040744300931692,
            0.01004090616479516,
            0.01003927756100893,
            0.010037906840443611,
            0.010036604292690755,
            0.010035021603107453,
            0.010033705551177264,
            0.010039646923542023,
            0.010042374487966299,
            0.010041433479636907,
            0.010042164102196693,
            0.010038758255541324,
            0.010034040082246065,
            0.01002835351973772
        ],
        "adv_physics": [
            0.023764888104051352,
            0.01048905961215496,
            0.010162976756691932,
            0.010126568283885718,
            0.010113358870148659,
            0.010106777865439653,
            0.010112310759723186,
            0.010120798368006945,
            0.01012401357293129,
            0.010117788147181273,
            0.010108009539544582,
            0.010101910028606654,
            0.010094709414988755,
            0.010091059003025293,
            0.010090257599949836,
            0.010086373705416918,
            0.01008401606231928,
            0.01008998267352581,
            0.010101709701120853,
            0.010105984471738338,
            0.010104797407984733,
            0.010100559797137976,
            0.010094419121742249,
            0.010087863262742757,
            0.01008186275139451,
            0.010073656309396028,
            0.010067031998187304,
            0.010062066558748483,
            0.01006091283634305,
            0.010061535239219665,
            0.01005902886390686,
            0.010052730329334736,
            0.010044781118631363,
            0.010041948780417443,
            0.01004090653732419,
            0.010040464624762536,
            0.010040122922509909,
            0.010039575770497322,
            0.010037812683731318,
            0.010035616252571345,
            0.010035590548068286,
            0.010034210421144963,
            0.01003817655146122,
            0.010042071342468262,
            0.010042861197143793,
            0.010041604470461606,
            0.010038211476057768,
            0.010034338105469942,
            0.010028353333473206
        ],